country,season,avg_temperature_celsius,avg_precip_mm,avg_humidity,avg_wind_kph,avg_pressure_mb
Afghanistan,autumn,21.149157706093188,0.01971146953405015,17.722401433691754,6.226433691756273,1012.0910394265233
Afghanistan,spring,20.63845983554712,0.07858760278304867,26.743738140417456,8.809358001265021,1010.316129032258
Afghanistan,summer,30.352743171425036,0.01884779384501292,17.234921517735753,14.45214373995798,1001.3105734767026
Afghanistan,winter,4.625030295272231,0.04607842635261986,44.12619047619048,5.512825994196962,1021.6229860044376
Albania,autumn,19.017186379928315,0.1970376344086021,62.84372759856631,6.657974910394265,1016.9525089605735
Albania,spring,20.445662555344718,0.22296869070208727,52.48584756483238,9.287101518026565,1014.4805977229602
Albania,summer,31.39485230503028,0.0347416882956371,39.02759856630824,13.348723890742798,1012.5045668026202
Albania,winter,9.714164533196792,0.16946693121693115,69.70291005291006,6.719196535244922,1016.0314174773852
Algeria,autumn,21.262240143369173,0.04316666666666663,66.318458781362,10.824086021505378,1017.7939068100359
Algeria,spring,21.42699240986717,0.05044275774826055,56.524320050600885,15.347503162555345,1014.9231815306767
Algeria,summer,29.20474526369688,0.0006989247311827833,53.071492575524836,15.098472862263185,1014.7581285202253
Algeria,winter,12.979865591397848,0.09188009899300216,71.10395118620924,13.678153268475848,1018.8859617682198
Andorra,autumn,9.194175627240144,0.10770609318996416,67.08440860215053,7.84310035842294,1018.7763440860216
Andorra,spring,7.9632210626185955,0.2223685958254269,65.4923624288425,8.879332700822264,1014.1938172043011
Andorra,summer,20.97512915585218,0.10293727598566306,45.20499938202942,9.151316277345199,1017.460839204054
Andorra,winter,-0.5378247141150369,0.13358602150537627,77.01929083461341,7.883565881549752,1017.3876856118791
Angola,autumn,25.492419354838706,0.016344086021505333,75.87060931899642,8.134641577060933,1013.5482078853047
Angola,spring,28.781144845034788,0.037766129032258046,72.47289690069576,10.2946853257432,1011.2082384566729
Angola,summer,24.000027190705723,0.00021684587813618333,72.10537634408603,11.465672969966628,1014.6177048572489
Angola,winter,27.33469875405359,0.05760539341184497,75.90695937873357,8.850025601638505,1011.3897593445981
Antigua and Barbuda,autumn,26.931376220491902,0.15940155728587319,81.19294895562972,20.968900630329998,1012.2415399826968
Antigua and Barbuda,spring,26.24847881087919,0.06101391524351673,78.30641998734978,24.657122074636305,1014.7634092346616
Antigua and Barbuda,summer,28.103119206525772,0.09507114607058986,76.86036424951887,23.90368831329343,1015.7824160884228
Antigua and Barbuda,winter,24.647024236217785,0.1341066308243727,78.65098139614268,26.607800819252432,1014.9750554702168
Argentina,autumn,14.462383512544802,0.12282258064516127,83.68996415770609,10.392903225806451,1015.2745519713261
Argentina,spring,14.194253636938647,0.1203774509803921,85.32681846932321,9.484813409234661,1017.9933270082226
Argentina,summer,9.542576804915514,0.07666308243727596,82.43887608806963,10.437876344086023,1020.1112263184845
Argentina,winter,20.58361537805086,0.03957573818057685,76.89584400068271,11.188798003072195,1011.4986772486773
Armenia,autumn,17.656702508960574,0.024836917562724003,43.85197132616488,7.051738351254481,1018.9974910394266
Armenia,spring,19.495882352941177,0.11071347248576847,35.9623339658444,8.85392789373814,1015.4062776723592
Armenia,summer,31.145988752935363,0.0299783092324805,25.18769620566061,9.202850080336177,1009.7311889754047
Armenia,winter,2.11976147806793,0.03681814302782042,67.84565198839393,4.477462450930193,1021.0021249359958
Australia,autumn,15.557867383512544,0.11418637992831539,56.6089605734767,13.35141577060932,1015.5451612903225
Australia,spring,12.717580645161291,0.033239247311827896,74.50994623655913,9.325779569892473,1022.0481182795698
Australia,summer,6.655405581819306,0.12007518384624889,81.75587458286985,10.344015186627116,1019.4018191509084
Australia,winter,23.05328853046595,0.11531903908516809,52.50639614268647,14.791948711384194,1013.16986260454
Austria,autumn,11.750716845878136,0.10905197132616484,74.23691756272402,13.261917562724014,1018.4471326164875
Austria,spring,14.621495888678053,0.09101976597090446,62.325853889943076,13.677694497153698,1015.4879981024668
Austria,summer,24.97291986687148,0.07531643625192008,52.27337429595494,13.88108166922683,1015.4313236047107
Austria,winter,1.9494866871479777,0.033962408260795336,79.95792370711725,11.6773647380099,1017.5049923195085
Azerbaijan,autumn,20.057474972191326,0.03215949820788528,63.1285996786553,21.73712520084044,1018.2858422939067
Azerbaijan,spring,18.49884092346616,0.0311642947501581,56.277277039848194,24.327765654648957,1016.167504743833
Azerbaijan,summer,29.918333333333333,0.005948770238536599,46.537838338895064,22.960784822642438,1009.787566431838
Azerbaijan,winter,7.931092336576207,0.0524280593958013,75.11522870797064,24.701025345622117,1020.2358977641235
Bahamas,autumn,25.740055617352613,0.14000191570881224,82.0524039055741,21.092830923248055,1014.312637498455
Bahamas,spring,24.28628399746996,0.020668880455407927,77.96821631878558,21.058723908918406,1016.8599936748893
Bahamas,summer,27.986558521814363,0.09253694581280784,80.01488117308473,18.340168794251106,1017.3748702261772
Bahamas,winter,20.667777777777776,0.004267025089605717,80.63864140638334,22.75989417989418,1019.2259643283837
Bahrain,autumn,31.650053763440862,0.0,52.44892473118279,17.287275985663083,1010.9236559139785
Bahrain,spring,31.629070208728656,0.000322580645161275,37.069117647058825,20.322207463630615,1008.7253162555344
Bahrain,summer,37.94630453590409,0.0,42.68231368186874,20.14953899394389,998.2822333456928
Bahrain,winter,20.590147209421403,0.005896057347670216,58.87854582693293,19.571903481822837,1018.7266214371053
Bangladesh,autumn,31.08725806451613,0.29096415770609313,52.706272401433694,10.8421146953405,1006.7926523297491
Bangladesh,spring,34.892277039848196,0.46226850094876665,37.91815306767869,15.049916192283366,1003.3134724857684
Bangladesh,summer,30.97425605169765,0.49578439447710854,69.58198880590426,18.74275433903632,1000.2735949997351
Bangladesh,winter,27.21244538317119,0.0,27.659971838197645,10.727847755589693,1012.6530977982592
Barbados,autumn,27.706986157458903,0.21890798417995302,81.10236064763318,19.958743665801506,1010.8132678284513
Barbados,spring,27.148402909550917,0.06621979759645788,80.06723592662871,25.972893738140417,1013.1437223276407
Barbados,summer,28.145153256704983,0.15190971449758986,79.65973303670745,25.791540600667407,1013.9708441478186
Barbados,winter,25.813086704215735,0.12740113500597366,78.12692438982761,25.928696023212154,1012.9170805598225
Belarus,autumn,10.187813620071685,0.03126881720430105,78.10591397849463,16.936397849462367,1017.697311827957
Belarus,spring,13.315550284629982,0.13044497153700188,55.89690069576217,17.577756166982923,1014.8993516761543
Belarus,summer,21.595445556791493,0.16319787418118895,62.314936349029786,16.57176368804845,1012.845785440613
Belarus,winter,-4.308585082778632,0.04897840928486085,85.56650878989588,15.744016043693463,1016.55770609319
Belgium,autumn,12.144474109373304,0.11077821449259619,83.37839777705369,17.422003615908185,1015.4223622877521
Belgium,spring,13.168314358001265,0.1016132985452245,70.3436669829222,16.27496679316888,1016.0841635041112
Belgium,summer,20.488786874955277,0.08531332734877606,64.81503164659888,16.11981662536021,1015.4723014200314
Belgium,winter,4.594243063440119,0.07769476415572717,87.19388139391646,17.391954283141754,1012.9507746660038
Belize,autumn,22.29196143863552,0.15495649487084415,96.40870102583118,4.044511803238166,1011.8142504016809
Belize,spring,23.988154648956357,0.09576707779886143,91.21283997469956,6.335474383301708,1012.0594086021506
Belize,summer,24.40027561488073,0.23358188110245945,96.1097268570016,4.6044889383265355,1012.6741750092696
Belize,winter,19.171286305771847,0.026563147765594885,96.5753048654884,3.8610445027102425,1016.4950401975152
Benin,autumn,27.411129032258064,0.10240143369175624,83.43405017921147,9.672186379928315,1012.9268817204302
Benin,spring,30.27531625553447,0.08756720430107523,75.45098039215686,14.721429475015812,1011.1776565464895
Benin,summer,27.468169482846903,0.17470097286226316,79.26225038402457,16.527743215565796,1014.165873015873
Benin,winter,29.020739460658817,0.025246202423621734,77.88425925925925,7.76284178187404,1011.0137779484554
Bhutan,autumn,14.665788530465951,0.2745519713261649,59.43261648745519,8.360304659498208,1011.4229390681003
Bhutan,spring,13.291954459203037,0.32471062618595825,62.93494623655914,8.30938330170778,1009.6728020240354
Bhutan,summer,16.625963901689712,0.5359176907322069,80.7455069124424,6.6501830517153095,1006.4943292370712
Bhutan,winter,8.960645311888195,0.041801888497334384,43.95840411433391,8.903102542092105,1012.6695468509985
Bolivia,autumn,17.946967618341368,0.07882616487455195,74.90160363366704,5.442692806822396,1011.5224632307503
Bolivia,spring,17.42718690702087,0.14727917457305498,81.1536843769766,5.283666982922202,1014.068137254902
Bolivia,summer,16.18958419033733,0.012931528634781716,62.42813837034723,5.192138919263714,1016.0514027745234
Bolivia,winter,17.611182795698923,0.19583331199863455,87.9748015873016,4.701516683734426,1011.5878221539514
Bosnia and Herzegovina,autumn,12.188387096774193,0.1663333333333333,79.10591397849463,5.995483870967742,1018.8856630824372
Bosnia and Herzegovina,spring,15.088722327640735,0.2737092030360531,60.20441176470588,9.572662871600253,1015.481578115117
Bosnia and Herzegovina,summer,25.51067173402546,0.1416803856136448,48.776195773081206,8.119142256828574,1016.0220800889878
Bosnia and Herzegovina,winter,2.388341867212835,0.1490122887864823,88.04770438641407,5.854181174261819,1017.1543181430279
Botswana,autumn,24.942813620071686,0.016982078853046548,43.7347670250896,16.117544802867382,1019.6881720430107
Botswana,spring,22.959808665401646,0.0074059139784946,51.92196394686907,11.035406388361796,1022.2024667931688
Botswana,summer,20.096481275491286,0.0003333333333333333,34.54557533061426,11.995088987764182,1022.9716475095785
Botswana,winter,26.128566308243723,0.14363329919781528,59.97172299027138,13.572389486260453,1015.8438470728794
Brazil,autumn,24.836682733901863,0.09659770114942524,72.49276974416019,4.325032134470399,1008.7107712272896
Brazil,spring,24.05038108791904,0.390122707147375,93.1367330803289,4.440673624288425,1011.2518817204301
Brazil,summer,25.622830923248056,0.05678865406006669,72.68071313805463,5.1154480286738355,1012.8556915090841
Brazil,winter,22.875774817404405,0.31455468745402,94.49489100175974,3.924426670433345,1009.6167876123382
Brunei Darussalam,autumn,29.748584229390683,0.5111075268817205,74.50268817204301,9.754121863799282,1007.6528673835124
Brunei Darussalam,spring,29.46069576217584,0.6632242251739404,80.06182795698925,8.249546173308033,1007.7870177103099
Brunei Darussalam,summer,29.038667037449017,0.4744409220121122,78.78412433568162,8.637542330985045,1008.7148992707947
Brunei Darussalam,winter,28.671783154121858,0.5091587728281276,78.89739289981226,9.134499061273255,1008.2317161631677
Bulgaria,autumn,14.84709566280459,0.08985887444083239,59.60152399210914,10.030235683920981,1018.9320010558195
Bulgaria,spring,16.140516129032257,0.15882553763440857,57.416801075268815,11.879427419354839,1016.0821505376343
Bulgaria,summer,29.47071064240419,0.10358647773970349,34.94774065540195,11.855975389604422,1014.0574389171164
Bulgaria,winter,2.650857968491288,0.068776447701611,79.38117497311454,7.909532005288845,1018.8892424320608
Burkina Faso,autumn,26.505358422939068,0.0507222222222222,65.7605734767025,12.634695340501793,1013.5559139784946
Burkina Faso,spring,33.521034155597725,0.00338235294117645,45.08148323845667,14.85707779886148,1010.9632827324479
Burkina Faso,summer,29.22113543266769,0.14593471582181258,69.91817716333846,16.47228238607271,1013.1482846902203
Burkina Faso,winter,25.123798003072196,0.0,23.28521505376344,17.701394435910565,1013.483546680321
Burundi,autumn,27.129659498207886,0.15913440860215053,56.711290322580645,7.014014336917563,1014.2935483870968
Burundi,spring,25.79836654016445,0.41419497153700185,65.68885199240987,11.103374446552815,1014.8351043643263
Burundi,summer,26.178521814361634,0.043604128043505073,50.59868990236064,27.595018539117536,1015.1008713385244
Burundi,winter,25.224479006656424,0.22854151732377534,70.20841013824885,4.739021590715139,1014.2742874210616
Bélgica,summer,17.4,0.12,63.0,22.0,1013.0
Cambodia,autumn,30.630412186379928,0.24241039426523295,68.19982078853046,13.640286738351255,1006.2370967741936
Cambodia,spring,33.24372549019608,0.17637745098039215,63.01198608475648,11.174334282099936,1005.7838867805186
Cambodia,summer,30.57764985786677,0.19183401310097636,76.7523112099864,15.260163762204918,1005.5076751946608
Cambodia,winter,31.322599419696193,0.034588795016214334,47.84142771804062,13.171308670421574,1009.174470899471
Cameroon,autumn,24.98562724014337,0.2988673835125448,77.01379928315413,5.950645161290322,1014.7069892473119
Cameroon,spring,28.083529411764708,0.08434503478810872,52.16543327008223,8.34014073371284,1015.1690860215054
Cameroon,summer,22.931181692180022,0.49377766301181203,81.35124653495065,6.694836105372812,1016.4646154457333
Cameroon,winter,27.044595067417646,0.04869414575866187,57.61804915514593,8.228600443761733,1013.1882829834443
Canada,autumn,7.0858812260536395,0.067421146953405,86.59025460388085,10.167051662340873,1016.5506117908789
Canada,spring,6.442269133459835,0.21681657179000627,79.50036369386464,11.771695129664769,1013.1431372549021
Canada,summer,17.595886169818318,0.16953238165863305,86.99390063033,9.99131504140403,1014.9683166481276
Canada,winter,-9.647775644307902,0.151229177334016,79.8957415941287,12.587889998293223,1015.3579749103943
Cape Verde,autumn,25.62813620071685,0.035537634408602116,78.58458781362008,16.11505376344086,1013.0188172043012
Cape Verde,spring,23.340438013915247,0.0007284946236559,65.58554712207463,25.87284155597723,1014.2230866540165
Cape Verde,summer,25.99665925101965,0.00884111976269925,72.24088493387715,17.347916203188728,1013.9160857743171
Cape Verde,winter,21.87527308414405,0.003928315412186334,67.15506485748422,24.499208909370196,1014.99948370029
Central African Republic,autumn,26.764767025089608,0.25743189964157703,76.64480286738352,5.094390681003584,1013.5786738351254
Central African Republic,spring,30.010586654016446,0.04156151170145475,65.61423149905124,7.982125237191651,1012.1933270082226
Central African Republic,summer,28.67226574500768,0.14812352790578595,69.60993343573989,5.665440348182283,1013.1955709165386
Central African Republic,winter,28.581292882744492,0.00650238948626045,61.174577572964665,7.185087898958867,1011.8364994026284
Chad,autumn,28.490035842293906,0.05127777777777776,52.06415770609319,15.701738351254482,1012.6698924731181
Chad,spring,37.11637729285262,0.0,19.352482605945603,18.830572422517395,1009.1766445287792
Chad,summer,30.68277963168953,0.11134223210975154,63.12714126807564,14.596260042022001,1011.0746384872081
Chad,winter,25.279160692951013,0.0,21.868975081071852,17.630556408943505,1012.47226062468
Chile,autumn,10.745131627734521,0.0342706093189964,78.03850574712644,4.0489655172413785,1016.5291373130639
Chile,spring,9.876502213788742,0.05237191650853887,81.92898481973435,4.761522770398482,1016.599715370019
Chile,summer,5.7624304783092315,0.13922222222222216,85.08126931158077,5.1775627240143365,1018.8902793227043
Chile,winter,16.89440092165899,0.0011021505376344,61.30340501792114,3.936084656084656,1013.919589520396
China,autumn,18.29225806451613,0.030021505376344054,46.68297491039426,9.267759856630823,1018.9342293906811
China,spring,21.041658760278303,0.03811827956989242,36.83671726755218,13.529448134092346,1010.0157811511701
China,summer,29.214686688913606,0.1778597824743542,61.364658262266715,10.061725373872205,1003.7051600543814
China,winter,3.799696193889742,0.00351945724526365,23.379147465437786,9.536952124935995,1025.230167264038
Colombia,summer,13.5,0.02,80.0,4.7,1019.0
Comoros,autumn,25.8360752688172,0.23834229390681003,74.08566308243728,13.162150537634409,1016.1806451612903
Comoros,spring,27.306155913978493,0.46137539531941807,76.65679949399114,17.932318153067676,1014.0883301707779
Comoros,summer,25.45620928015255,0.06370424810636151,69.23123355756837,21.298128961632855,1017.6547596977242
Comoros,winter,26.895573903396485,0.3451494282300734,75.76323604710701,16.010256443079022,1012.7685483870968
Congo,autumn,26.27924731182796,0.22762007168458778,74.39139784946236,7.246469534050179,1014.934229390681
Congo,spring,28.069397533206832,0.22722549019607838,73.95083807716635,6.287511068943706,1013.478320683112
Congo,summer,27.330993696700034,5.7471264367799996e-05,62.12421826721049,8.739830058089234,1015.1109318996415
Congo,winter,26.279956903908516,0.11076177675371218,79.76721710189453,5.230400665642601,1013.4354497354498
Costa Rica,autumn,18.857261154369052,0.2023485972067729,91.8306945989371,5.2210245952292675,1014.7995303423558
Costa Rica,spring,21.771981340923467,0.06775664136622385,76.65532890575585,7.868488298545223,1015.6908127767236
Costa Rica,summer,20.493372706887723,0.1275244363225453,86.11633296255098,7.080937858643644,1016.1625933576989
Costa Rica,winter,19.192797229137607,0.05398353549799597,77.24102544861722,8.842431419978695,1015.7923695346389
Cote d'Ivoire,autumn,22.85505376344086,0.049333333333333264,93.40215053763443,4.8983512544802865,1013.8802867383514
Cote d'Ivoire,summer,22.43636363636364,0.0281818181818181,89.27272727272727,6.9363636363636365,1015.818181818182
Cote d'Ivoire,winter,22.86700119474313,0.0031290322580644994,88.56487455197133,4.381433691756272,1011.8913978494625
Croatia,autumn,12.886362007168458,0.1692885304659498,77.72258064516129,6.997401433691756,1018.7010752688171
Croatia,spring,16.315996204933587,0.19195177103099303,62.17142631246047,8.941372549019608,1015.1604206198608
Croatia,summer,27.28456516941222,0.04294451948372966,49.4573075021629,7.825047098186698,1014.8268221304094
Croatia,winter,2.943909370199693,0.045006229732036135,83.39514422256357,6.717211128178871,1018.2346134152587
Cuba,autumn,23.65340007415647,0.038452601656161114,93.8356260042022,15.279129897416881,1013.6999691014707
Cuba,spring,22.85873181530677,0.0002941176470588,88.10619860847567,15.267941176470588,1016.0101992409867
Cuba,summer,25.459545791620318,0.08016944753429735,92.35166852057841,11.59227722160425,1016.2286614757137
Cuba,winter,19.1078904249872,0.0,90.35570489844683,17.935597371565112,1018.8633981908175
Cyprus,autumn,25.86236559139785,0.009596774193548365,50.081541218637994,10.830752688172042,1014.8637992831541
Cyprus,spring,24.499840290955092,0.04077419354838708,44.66456356736243,15.968597406704617,1012.8744465528147
Cyprus,summer,34.73977342549923,0.0017759856630824168,35.43553507424475,13.08745135688684,1006.2491807475677
Cyprus,winter,14.706956818569722,0.07069781532684755,68.06040279911248,13.324698754053594,1017.6404676565967
Czech Republic,autumn,10.353243727598565,0.062224014336917495,78.89462365591397,12.972401433691756,1017.5118279569892
Czech Republic,spring,13.008034471853257,0.09627118912080958,63.06554395951929,12.842707147375078,1015.6029095509172
Czech Republic,summer,22.34349565360689,0.11950304865488398,56.74297985415894,12.321443579285626,1015.6398268309096
Czech Republic,winter,0.8416611196449906,0.05185270523980196,84.17016129032258,11.286201570233828,1016.094145758662
Democratic Republic of Congo,autumn,26.19646953405018,0.2240232974910394,74.67562724014337,7.2051075268817195,1014.9775985663082
Democratic Republic of Congo,spring,28.075934535104363,0.22614452877925365,73.98355471220746,6.194660025300443,1013.4785895003163
Democratic Republic of Congo,summer,27.30506832989035,5.7471264367799996e-05,62.160592898635166,8.724578102653743,1015.1158593322388
Democratic Republic of Congo,winter,26.18301672640382,0.09894504181600954,80.17164476304261,5.132487056949422,1013.4787933094385
Denmark,autumn,11.812508960573476,0.11454121863799277,80.9905017921147,20.439659498207885,1014.3544802867385
Denmark,spring,12.3113330170778,0.0346810562934851,68.02881087919039,18.22981815306768,1015.9972169512968
Denmark,summer,18.973906810035842,0.143961315041404,67.14052033123222,19.046835990606848,1012.8680879990112
Denmark,winter,2.3598190817545657,0.05911520737327183,84.69195255162997,22.5313167776071,1014.7016001024067
Djibouti,autumn,31.80948028673835,0.008376344086021482,55.25250896057347,14.796989247311828,1010.4378136200717
Djibouti,spring,31.70421726755218,0.003637096774193525,57.25414294750158,16.438997469955723,1009.1701454775459
Djibouti,summer,36.9655614262761,0.06207227607394456,44.3379985698395,17.276975431255185,1003.5577259565302
Djibouti,winter,26.263493343573987,0.01643125960061442,62.10452295613586,18.72074500768049,1015.963389656938
Dominica,autumn,27.27021690767519,0.1325597577555308,79.31895315782968,14.715109380793473,1011.8002595476455
Dominica,spring,26.87197185325743,0.14039057558507267,74.8228494623656,15.907011385199242,1014.2808507273878
Dominica,summer,27.9135599078341,0.14964951356886838,76.70094726062469,15.89843445980543,1014.9853302611367
Dominica,winter,24.98380227001195,0.10886904761904759,79.09190561529272,19.28052440689537,1014.3925157876771
Dominican Republic,autumn,24.58086515881844,0.13209343715239152,95.85506735879373,7.762370535162527,1012.4360462241997
Dominican Republic,spring,23.890936116382036,0.37643010752688166,94.07591714104998,10.549138203668564,1014.9217583807716
Dominican Republic,summer,25.887363031234,0.08364720942140293,90.77859703020994,9.125494111623144,1015.8908986175115
Dominican Republic,winter,21.893469448711386,0.008277777777777768,96.49037805086192,11.142307134323262,1015.8356161461
Ecuador,autumn,10.436858855518478,0.09001458410579655,81.98041033246817,4.628424792979854,1016.4966876776666
Ecuador,spring,11.253186274509803,0.06881372549019604,83.75196078431372,4.666568627450981,1016.7294117647059
Ecuador,summer,10.199571128414286,0.008570139661352066,75.29702756148806,6.057004078605858,1018.4289581015943
Ecuador,winter,10.56110172384366,0.1503260795357569,90.53726745178358,3.785616999487967,1016.1411717016557
Egypt,autumn,26.220358422939068,0.0012777777777777668,50.00967741935484,14.417347670250896,1015.2173835125449
Egypt,spring,27.25165559772296,0.0,31.834250474383303,16.19568943706515,1014.0210309930424
Egypt,summer,34.122311827956985,0.0,33.2907962109575,14.345760368663596,1007.8543522785458
Egypt,winter,17.59115378050862,0.0005721966205837,48.598950332821296,14.699703020993345,1018.6623783922172
El Salvador,autumn,23.09300519095291,0.28471925596341613,93.09838091706835,4.3846452848844395,1011.0799653936473
El Salvador,spring,25.898353889943074,0.10959677419354832,82.78510436432637,4.633160974067046,1011.2592346616066
El Salvador,summer,23.60463994385296,0.4966886311068736,93.91340643042533,4.808945080071331,1012.4235914684747
El Salvador,winter,23.317456462500957,0.011933563748079851,77.84199860515211,5.787629626686912,1012.595864893974
Equatorial Guinea,autumn,26.1936917562724,0.4439856630824373,89.30627240143367,7.364462365591398,1013.9790322580644
Equatorial Guinea,spring,29.319413345983556,0.12866635041113217,82.63975332068311,7.09916192283365,1012.1083807716634
Equatorial Guinea,summer,26.64291620318873,0.6635533926585094,87.89923371647511,10.08652762328513,1014.7289024842418
Equatorial Guinea,winter,27.338034647550774,0.061475038402457695,83.71962792285372,6.801004010923365,1012.0179040791944
Eritrea,autumn,21.77790322580645,0.06931720430107523,45.856093189964156,12.596146953405018,1014.7792114695341
Eritrea,spring,22.86196078431373,0.03686321948134087,35.86127450980392,11.575433270082225,1012.6983870967742
Eritrea,summer,22.99519033494006,0.29756519589667524,44.24527870473366,12.699904214559387,1011.8677110369546
Eritrea,winter,18.30518987881891,0.010290365250042633,49.29824628776242,6.791095750128008,1015.71678187404
Estonia,autumn,10.029569892473118,0.09773476702508956,80.85430107526882,19.01241935483871,1013.4598566308244
Estonia,spring,11.296600253004428,0.06643912080961413,57.8865907653384,17.179750158127767,1014.3351043643264
Estonia,summer,19.325916538658472,0.1551432411674347,64.98602150537634,16.900116487455197,1010.3805683563747
Estonia,winter,-2.503502304147466,0.054701058201058146,85.51394435910565,18.557673237753885,1014.8915813278717
Estonie,summer,23.3,0.0,61.0,16.9,1012.0
Ethiopia,autumn,19.14467741935484,0.25585304659498204,55.635663082437276,10.078620071684588,1024.1535842293906
Ethiopia,spring,22.857637571157497,0.047272137887413,40.854364326375716,12.780838077166349,1022.9648165717899
Ethiopia,summer,19.23271553931176,0.6029263864611474,65.61635282589121,10.822898546886313,1022.0387630877341
Ethiopia,winter,19.365040109233657,0.0038512544802867168,39.231839904420546,11.08603131933777,1023.6315625533367
Fiji Islands,autumn,24.05279569892473,0.2620609318996415,89.10555555555555,12.59209677419355,1013.4770609318997
Fiji Islands,spring,25.081639784946237,0.3795050403225806,95.14129704301075,12.50239247311828,1011.8680443548387
Fiji Islands,summer,22.85748547769126,0.27391280435051285,87.91266221727847,11.89343344456804,1014.9192806822394
Fiji Islands,winter,26.51137224782386,0.46197213688342725,90.094743130227,9.945803464755079,1008.5369004949649
Finland,autumn,9.460232974910394,0.08673297491039424,84.07096774193549,18.088028673835126,1012.8206093189965
Finland,spring,11.678085072738774,0.0256116382036685,54.42643896268184,16.28957147375079,1013.9283048703352
Finland,summer,19.775576566555433,0.12049511803238162,63.611413916697565,17.039911012235816,1009.8560746508466
Finland,winter,-3.897419781532685,0.06834476873186546,87.98564601467827,16.38511008704557,1014.6325908858167
France,autumn,12.522508960573477,0.07905734767025085,84.96218637992831,13.04774193548387,1016.5854838709678
France,spring,14.279645793801391,0.116258064516129,66.87424098671727,12.382447817836812,1015.801486401012
France,summer,22.247605363984675,0.137700840439995,59.19097144975899,12.373747373625015,1016.2234643430974
France,winter,5.525128861580474,0.13395097286226312,88.99877965523126,12.96051629970985,1014.0536567673665
Gabon,autumn,26.217956989247313,0.2926146953405018,86.62150537634409,9.207437275985663,1013.413082437276
Gabon,spring,28.76144686907021,0.23664421252371912,81.23844086021505,9.097767235926629,1011.5167773561037
Gabon,summer,26.22759176863181,0.03167599802249408,77.72918057100482,12.585886169818316,1014.3547212952664
Gabon,winter,27.428183990442054,0.2522140296979006,85.10121607782898,8.574772998805257,1011.2451570233828
Gambia,autumn,25.785017921146956,0.2037903225806451,84.1953405017921,15.354731182795698,1011.9249103942652
Gambia,spring,25.85964579380139,0.0139516129032258,62.57926944971537,13.854949399114485,1011.5351992409867
Gambia,summer,27.627770980101346,0.2787840457651358,80.29734802337694,14.483816630471246,1012.767855377227
Gambia,winter,22.311076975593107,0.0002724014336917333,45.86862092507254,20.606778460488137,1012.5356289469192
Georgia,autumn,17.45453405017921,0.0317939068100358,57.34265232974911,9.603118279569893,1019.6039426523298
Georgia,spring,18.25309614168248,0.04504949399114477,53.131925996204934,11.023635357368754,1016.7306767868438
Georgia,summer,29.12507755530837,0.0636137242438688,42.89727210127655,13.728561011353003,1011.8519876582446
Georgia,winter,6.178311145246629,0.023188513398190766,63.594406041986694,9.176187062638677,1019.9062596006146
Germany,autumn,11.55831541218638,0.06905555555555552,78.36505376344086,15.19625448028674,1016.1012544802867
Germany,spring,14.776620809614169,0.08433364958886777,58.079743833017076,14.38782099936749,1015.7188013915245
Germany,summer,22.3605617352614,0.09425546903967369,56.453238165863304,14.738549005067357,1014.401600543814
Germany,winter,1.3764831882573818,0.03573899129544287,84.22211981566821,13.621823690049496,1015.4742959549411
Ghana,autumn,26.646756272401433,0.06696415770609315,84.26774193548387,11.981272401433692,1013.3440860215054
Ghana,spring,29.10957147375079,0.0744614168247944,77.69142947501581,15.64920303605313,1011.5794908285894
Ghana,summer,26.403639846743292,0.1344810901001112,82.07992831541219,17.908193054010628,1014.6442590532691
Ghana,winter,28.19068996415771,0.009464072367298133,79.4820873869261,11.558455367810206,1011.2315668202764
Greece,autumn,22.668082437275984,0.049507168458781316,51.01326164874552,13.436702508960574,1016.9034050179212
Greece,spring,21.1830834914611,0.031972485768500924,46.505202403542064,15.246451612903225,1014.7233712839975
Greece,summer,33.20386222787224,0.011589729328883915,29.74051591715663,19.635619515511063,1010.847922294613
Greece,winter,12.404417562724014,0.08166905615292712,68.95881976446493,12.079217443249702,1016.9709805427547
Grenada,autumn,27.725561735261397,0.14085780496848346,84.38152885922631,17.647089358546534,1010.7858113953776
Grenada,spring,27.408763440860213,0.1114226755218216,80.6382669196711,25.18803605313093,1012.954522454143
Grenada,summer,28.073054010629093,0.24731733230926775,81.35713491180677,20.114789007186115,1013.8719344244928
Grenada,winter,25.7560582010582,0.12360671616316772,83.26779313876088,20.400991636798086,1012.6856630824373
Guatemala,autumn,17.14307069583488,0.09041298974168827,93.82614015572858,5.14387034977135,1019.3342417500927
Guatemala,spring,18.743670145477545,0.037404490828589446,86.65431688804554,6.764460784313726,1020.651486401012
Guatemala,summer,17.96619241838374,0.17830103554213672,92.3173623249819,7.2562886893726715,1020.2860515210905
Guatemala,winter,15.234514010275968,0.008044418842805916,87.53793677278104,6.521090924072014,1021.9726508289635
Guinea,autumn,25.808833271536276,0.3334265850945495,89.60505499938203,9.833945742182673,1012.2832406377456
Guinea,spring,27.875363693864642,0.09649304237824158,77.3074320050601,10.577099936748894,1011.4308349146108
Guinea,summer,26.22309541465826,1.073090409096527,87.9376529477197,13.86655172413793,1013.5981460882462
Guinea,winter,26.170748421232293,0.006801672640382283,78.66615463389657,10.406584314729477,1011.1010539341186
Guinea-Bissau,autumn,25.646917562724013,0.2984229390681003,88.94802867383511,9.902956989247311,1012.2010752688174
Guinea-Bissau,spring,27.257482605945604,0.0141290322580645,67.11208096141684,11.312703984819734,1011.7706040480709
Guinea-Bissau,summer,27.647000988752936,0.7463836361389197,82.44741688295638,12.064344951180324,1013.2789581015944
Guinea-Bissau,winter,22.700246202423624,0.0008064516129032167,53.39675285884963,15.220912271718724,1012.2120541047962
Guyana,autumn,24.781253244345567,0.2513460635273761,95.05556791496724,10.008180076628353,1010.3546347793845
Guyana,spring,25.125083807716635,0.6257193232131563,94.04059139784945,9.60929000632511,1012.0557716635041
Guyana,summer,25.56576628352491,0.5762055988134965,91.84499443826473,7.904791125942405,1013.414485230503
Guyana,winter,23.425398532172725,0.4305866188769414,96.78788189110769,8.953413978494623,1011.3154548557774
Haiti,autumn,21.609723149178098,0.022417562724014312,89.1912680756396,5.752705475219379,1012.620905944877
Haiti,spring,21.946285578747627,0.051294117647058796,85.94240986717267,8.351734661606578,1015.001201771031
Haiti,summer,24.7039123717711,0.03606420714373993,81.48759733036708,9.804905450500556,1015.3074465455444
Haiti,winter,18.427829407748764,0.0,88.76352619901007,6.033547533708824,1015.7130355009386
Honduras,autumn,18.493480410332467,0.16165257693733776,93.34341243356818,5.5236738351254475,1016.7742306266223
Honduras,spring,21.30149430740038,0.01786970271979755,77.73929475015812,5.661366223908918,1018.9840290955092
Honduras,summer,20.214600614439323,0.08983794162826414,88.80563236047107,5.821696108550948,1018.5543778801843
Honduras,winter,17.243155652076677,0.005836826338494816,87.43853385007445,7.958727819270088,1030.9674191194213
Hungary,autumn,12.910702087286525,0.08726396795277246,71.03453510436434,11.129018553658023,1018.2909445498631
Hungary,spring,16.619739089184062,0.09529443390259325,55.486337760910814,12.649857685009486,1015.0946710942441
Hungary,summer,27.151676052094917,0.03656984998764053,44.017786738351255,12.51872636262514,1014.5663936009146
Hungary,winter,2.297805255545224,0.0301135767589347,81.16774111237133,8.914116990405345,1018.0641065595825
Iceland,autumn,4.965413422321097,0.14983945124212086,80.14933877147449,22.89550797182054,1005.9016623408725
Iceland,spring,6.291382036685642,0.19043153067678678,78.92280202403542,22.69971853257432,1010.0186116382037
Iceland,summer,10.216067235199604,0.15822463230750214,84.65452972438511,22.68642998393277,1003.3842417500927
Iceland,winter,2.036269414575866,0.18964388120839729,74.40464243044887,28.805512032770096,1001.7370925072538
Inde,summer,31.2,0.0,71.0,6.8,996.0
India,autumn,30.377849462365592,0.03662186379928314,46.362365591397854,9.55663082437276,1010.2594982078853
India,spring,35.97141366223909,0.01054569892473115,25.137681846932324,10.40392156862745,1005.1796647691335
India,summer,34.47565796210957,0.17323031763688046,55.97263979377439,11.70569437823331,999.5405393117575
India,winter,20.663584229390683,0.009828554360812399,47.25244495647721,9.910142942481652,1017.0122034476873
Indonesia,autumn,29.349507168458782,0.36800716845878134,68.92571684587814,11.949641577060932,1008.2064516129032
Indonesia,spring,28.131587602783046,0.5972416982922201,77.81101359898798,9.957701612903227,1008.0339421252371
Indonesia,summer,26.665555494771564,0.2057919363956308,76.85872670706776,9.64353230973091,1010.2718472356454
Indonesia,winter,28.014634323263355,0.8294107142857143,78.0950375490698,11.207713773681514,1007.7022913466461
Iran,autumn,20.15201612903226,0.018469534050179183,25.102508960573473,11.753351254480286,1017.1532258064517
Iran,spring,20.694592820999368,0.0629170619860847,27.823980075901332,16.56452956989247,1014.6929079696395
Iran,summer,32.12171489069859,0.0006663325435878499,15.550211105036146,15.019166466832289,1007.2938241585374
Iran,winter,5.281843962489124,0.047861690728626165,49.80955509544219,7.953653335911401,1026.0696718603976
Iraq,autumn,29.732025089605738,0.00022222222222221665,27.141935483870967,16.003709677419355,1013.0437275985664
Iraq,spring,31.089070208728653,0.005037634408602125,25.880439595192914,17.958078747628083,1010.5867014547754
Iraq,summer,42.66991039426523,0.0,13.039018662711655,21.28062724014337,999.727648003955
Iraq,winter,14.607487625874723,0.025066990954087685,53.16882573818058,16.42681558286397,1019.6180960914832
Ireland,autumn,10.580824372759857,0.186426523297491,86.14157706093191,16.17532258064516,1012.2037634408601
Ireland,spring,12.22609898798229,0.10890338393421879,75.18165717900064,14.109977862112586,1016.118247944339
Ireland,summer,16.54008589791126,0.11226263749845504,73.61191447287109,16.112007786429366,1013.2070077864295
Ireland,winter,6.033775814985493,0.17697269158559478,86.5793992148831,18.554748250554702,1007.9729689366786
Israel,autumn,25.236899641577065,0.0037616487455196666,48.71397849462366,12.306111111111113,1014.4177419354838
Israel,spring,25.342128399746993,0.011733870967741901,43.50506008855155,16.050727387729285,1013.5044750158128
Israel,summer,31.055880696364568,0.0,45.93682795698925,18.015213773681513,1007.2750896057347
Israel,winter,16.010937446663252,0.04148719918074754,56.34980372077146,13.219813961426865,1017.9909498207885
Italy,autumn,18.176272401433692,0.11532974910394261,72.4510752688172,9.290752688172043,1016.5478494623657
Italy,spring,18.819032258064517,0.05098576850094872,64.78551549652119,11.025079063883618,1014.2784471853257
Italy,summer,30.486934203789044,0.028735279057859664,43.25149769585253,12.479654377880186,1013.6001920122889
Italy,winter,9.519727342549922,0.14236042840075094,80.95454855777437,9.772278119132958,1014.9055000853388
Jamaica,autumn,27.300626622172786,0.5476865653194908,81.61490545050056,5.971778519342479,1010.7667655419601
Jamaica,spring,27.00403542061986,0.024867647058823526,73.90166034155598,7.68203036053131,1013.2571157495256
Jamaica,summer,28.332737609689776,0.023330737856877986,75.92336546780373,9.3641051785935,1013.8170498084291
Jamaica,winter,25.140852107868238,0.0036021505376344003,77.92687318655061,6.303423365762075,1014.2461512203448
Japan,autumn,21.910340501792117,0.18079749103942647,64.97455197132616,16.80589605734767,1015.6189964157707
Japan,spring,17.909699557242252,0.27629601518026564,66.1409550917141,19.257055660974068,1011.0374762808349
Japan,summer,28.223277715980718,0.10053528612038061,71.45407860585836,19.5468057100482,1008.2250525274998
Japan,winter,9.892625874722649,0.030730628093531265,44.4603217272572,13.873049155145928,1013.463991295443
Jemen,summer,26.1,0.2,34.0,14.8,1007.0
Jordan,autumn,22.88905017921147,0.0037670250896057,42.145878136200714,15.309749103942652,1018.2969534050179
Jordan,spring,23.207544275774826,0.0077465211891207504,31.99059139784946,19.16397533206831,1016.5196710942441
Jordan,summer,31.57852119639105,0.0,27.581936719812138,19.833489679891237,1010.8450685947349
Jordan,winter,11.809989759344598,0.05470681856972177,56.97696279228537,15.93731268134494,1019.9599249018603
Kazakhstan,autumn,8.159928315412186,0.060206093189964116,60.65430107526882,18.68094982078853,1021.5566308243727
Kazakhstan,spring,12.92497311827957,0.06459424414927258,54.06616065781151,21.090243516761543,1016.4783048703353
Kazakhstan,summer,24.13727289581016,0.11531535038932143,47.081837844518596,16.972614633543444,1007.6960944259054
Kazakhstan,winter,-9.677650622973204,0.034127069465779064,82.0883597883598,16.98722691585595,1023.9932795698925
Kenya,autumn,21.926792114695342,0.08963082437275981,57.16612903225806,12.432724014336918,1023.0381720430108
Kenya,spring,22.983989563567363,0.2693530993042378,58.507764073371284,12.228627450980392,1022.8388994307401
Kenya,summer,20.710077246323074,0.11487603510072915,60.7608948214065,10.316243356816214,1022.7123841305153
Kenya,winter,22.615958354668035,0.036035970302099284,52.23536012971496,16.543914917221368,1022.2279783239461
Kiribati,autumn,27.802670250896057,0.0521218637992831,73.71505376344086,20.336523297491038,1010.5114695340502
Kiribati,spring,27.777708333333333,0.05393346774193548,78.96038306451612,21.57126008064516,1009.9818884408603
Kiribati,summer,28.36183484294719,0.07519218885181062,73.26476949697195,19.347409908716916,1009.9207757296467
Kiribati,winter,27.75134365932753,0.10156835637480795,75.87053251408089,21.889043778801845,1008.949880525687
Komoren,summer,25.2,0.0,71.0,24.8,1017.0
Kosovo,summer,29.3,0.27,42.0,9.4,1012.0
Kuwait,autumn,32.280035842293906,0.003928315412186367,23.721863799283152,16.47277777777778,1011.5772401433692
Kuwait,spring,33.53768659076533,0.002586021505376325,22.472817836812144,16.218676470588235,1008.5075901328273
Kuwait,summer,43.157547274749724,0.0,15.608015078482262,19.636346557903845,997.7227042392782
Kuwait,winter,17.99833290663936,0.013853259941969584,45.308888035500935,15.80936251920123,1019.4675968595324
Kyrghyzstan,autumn,17.043655913978494,0.055951612903225756,36.02132616487455,9.824444444444444,1019.5693548387097
Kyrghyzstan,spring,18.16074794433903,0.14854712207463627,48.07656546489564,9.209751739405439,1017.2040955091713
Kyrghyzstan,summer,30.12308627752176,0.17940092165898613,27.54132104454685,14.521379928315412,1007.0579621095749
Kyrghyzstan,winter,3.059742276839051,0.06851629970984806,70.72278972520908,6.359965437788017,1025.0697004608294
Lao People's Democratic Republic,summer,25.0,1.97,95.0,9.0,1004.0
Latvia,autumn,10.591720430107527,0.07418996415770605,80.9068100358423,14.448584229390681,1015.3804659498209
Latvia,spring,13.185793801391526,0.1032057242251739,60.060626185958256,14.745295698924732,1014.8760278304871
Latvia,summer,20.336618876941454,0.13261369972122658,65.96652727996813,13.579446435682994,1011.5350059737157
Latvia,winter,-2.6710121181088926,0.06715045229561355,84.28515958354667,14.425756955111794,1015.9733145587985
Lebanon,autumn,25.80336917562724,0.02731541218637988,56.653942652329754,12.652580645161288,1015.8193548387097
Lebanon,spring,22.75760594560405,0.03274193548387093,59.91091081593928,15.11604522454143,1015.1999209361164
Lebanon,summer,29.25119431643625,0.00011904761904761666,65.68900409626217,15.550440348182283,1008.5790706605222
Lebanon,winter,16.957155657962108,0.150163509131251,55.985842293906806,13.570562809353133,1018.9214157706093
Lesotho,autumn,20.885179211469534,0.05443010752688168,39.518100358422934,15.627150537634407,1019.905376344086
Lesotho,spring,18.591437381404173,0.1013360215053763,50.435357368753955,10.088557874762808,1024.0379506641366
Lesotho,summer,14.170446748591909,0.010820788530465917,38.31400409626216,12.889764464925756,1024.6141321044545
Lesotho,winter,24.85635219320703,0.05704433350401084,44.33463048301758,13.44566862945895,1016.0772358764294
Letonia,summer,20.6,1.83,94.0,13.3,1007.0
Liberia,autumn,25.329032258064515,0.5041344086021505,90.72831541218638,7.564587813620072,1012.668458781362
Liberia,spring,27.90466951296648,0.14291635041113215,83.5924889310563,9.154337444655281,1012.0373814041745
Liberia,summer,25.867533061426276,0.5593629341243357,87.00469657644298,14.516971326164873,1014.4900012359411
Liberia,winter,26.131379074927462,0.1280016641065028,86.86725550435227,6.786467827274279,1011.0245519713261
Libya,summer,27.0,0.0,74.0,31.7,1007.0
Liechtenstein,autumn,9.730985663082437,0.13444982078853043,87.06827956989247,7.040967741935485,1018.4093189964159
Liechtenstein,spring,11.936965528146743,0.25400679949399113,73.47246995572422,7.722080961416824,1015.5540164452877
Liechtenstein,summer,20.720357142857143,0.2820152329749104,68.54133384536611,6.702812339989759,1016.9775089605736
Liechtenstein,winter,1.346690546815686,0.14226385431196328,91.26872818710972,8.331506126736938,1016.0877635938814
Lithuania,autumn,9.906290322580645,0.07481541218637988,80.8035842293907,14.5368458781362,1017.0222222222222
Lithuania,spring,12.763298545224542,0.15053810879190382,57.23608475648324,15.89557558507274,1015.1829222011386
Lithuania,summer,20.75258064516129,0.2678306451612903,63.726369687660004,14.635962621607783,1012.9190092165899
Lithuania,winter,-3.430773169482847,0.051291645331967874,85.2181728963987,14.002642942481652,1016.0298259088581
Luxembourg,autumn,10.08763440860215,0.08577598566308242,88.75143369175628,13.595089605734769,1016.6903225806451
Luxembourg,spring,12.487520556609741,0.13150822264389622,65.08285895003162,15.317645477545856,1015.6547754585705
Luxembourg,summer,19.77569985168706,0.11738376856118789,67.26128105302188,14.00546224199728,1016.4477691261897
Luxembourg,winter,2.5056967912613075,0.07738300051203272,90.76690134835296,13.199649257552485,1013.7460317460318
Macedonia,autumn,15.61625448028674,0.08372580645161287,65.2478494623656,5.841075268817204,1019.1729390681004
Macedonia,spring,18.71710309930424,0.09525316255534468,56.81971853257432,8.007851043643264,1015.885120177103
Macedonia,summer,31.473242844783446,0.013907167575966183,35.879407895898446,9.165127787488744,1013.6964669738863
Macedonia,winter,4.273180007964954,0.06236260454002385,79.40941855834329,4.868136200716846,1018.9683990442054
Madagascar,autumn,26.715143369175625,0.0191433691756272,42.09121863799283,11.61323476702509,1019.6844086021506
Madagascar,spring,25.1471110056926,0.049903383934218774,55.57945920303605,12.49983870967742,1018.640188172043
Madagascar,summer,22.642228651246786,0.009226637292423767,44.55974826887006,12.711506736158249,1021.6713184489166
Madagascar,winter,27.41066851308787,0.17331552079939175,55.54430867817965,9.902248289345062,1015.8429890300858
Malawi,autumn,26.56193548387097,0.03596236559139784,42.76129032258064,15.28836917562724,1018.889964157706
Malawi,spring,23.155626185958255,0.11459503478810874,63.29321631878558,11.333666982922201,1021.2605945604048
Malawi,summer,23.200406006674083,0.00010931899641575,39.4415894203436,12.38500432579409,1021.9281547398344
Malawi,winter,24.159287421061617,0.2815175371223758,72.15343061955966,9.351363287250384,1016.5365463389658
Malaysia,autumn,30.32102150537634,0.549758064516129,70.40448028673835,7.326111111111111,1007.4546594982079
Malaysia,spring,29.901260278304868,0.7164595192915875,75.4020082226439,6.1384740670461735,1007.0239405439595
Malaysia,summer,30.173626869361016,0.39208694846125325,69.50019157088123,7.027741317513287,1008.1801322457051
Malaysia,winter,30.044400068271035,0.7204979091995222,68.33323519371906,4.924496927803379,1008.6778417818741
Maldives,autumn,27.698817204301076,0.2549498207885304,75.78458781362008,20.32301075268817,1009.4854838709676
Maldives,spring,28.7484898798229,0.2800270398481973,74.92286527514231,21.12931688804554,1008.6642947501581
Maldives,summer,28.133451100870456,0.24888965693804402,77.96541218637992,23.715143369175625,1009.4135560675883
Maldives,winter,27.254712408260797,0.18085582010582005,72.20609318996416,15.215523980201398,1010.541077828981
Mali,autumn,25.24351254480287,0.09205913978494623,71.6573476702509,7.466129032258063,1014.5390681003583
Mali,spring,31.845863377609106,0.002222802024035375,48.716603415559774,12.447103099304238,1012.5909550917141
Mali,summer,28.149105178593498,0.17593715239154614,74.4036954640959,11.497408231368189,1014.4186132740082
Mali,winter,23.43335808158389,0.004189964157706083,27.1668458781362,12.371495989076633,1014.8732932240996
Malta,autumn,23.261612903225807,0.06015949820788526,69.87885304659498,18.395501792114697,1017.7804659498207
Malta,spring,21.405920303605313,0.038664452877925345,63.81767868437698,20.52226438962682,1014.7740037950664
Malta,summer,29.793291929304164,0.00032258064516125,55.614856012853785,14.731198862934123,1014.4511123470523
Malta,winter,15.043643539853216,0.11542332309267789,77.55429254138932,26.753132787165043,1016.5505034988906
Malásia,summer,24.3,1.55,93.0,6.5,1009.0
Marrocos,summer,40.3,0.0,14.0,16.9,1010.0
Marshall Islands,autumn,28.266666666666666,0.3680645161290323,81.18709677419355,17.587078853046595,1009.633870967742
Marshall Islands,spring,28.12809139784946,0.20591263440860214,82.02956989247312,26.46393817204301,1010.0584005376344
Marshall Islands,summer,28.160958472376716,0.35508942034359164,81.32466938573724,18.193424792979854,1010.2397478680015
Marshall Islands,winter,28.120366103430623,0.21241726403823172,80.48781362007169,30.540592251237413,1009.0982633555215
Mauritania,autumn,26.4186917562724,0.008709677419354816,55.97670250896058,17.593996415770608,1012.6222222222223
Mauritania,spring,22.646510120177105,0.0,54.928889943074,22.407314990512333,1012.643943706515
Mauritania,summer,25.892779013718947,0.009892473118279533,71.13326535656903,19.923068223952537,1012.1841305153876
Mauritania,winter,19.979068953746374,0.00736559139784945,38.12492746202424,22.510017921146954,1015.9997610513739
Mauritius,autumn,26.03274193548387,0.052915770609318985,66.85125448028674,19.43641577060932,1018.2173835125449
Mauritius,spring,27.624995256166983,0.17120461733080322,73.58295382669196,18.03830487033523,1015.5507115749525
Mauritius,summer,23.731913236929923,0.0442249412927944,66.48817204301075,21.314495736002964,1020.4236188357435
Mauritius,winter,29.452124509301928,0.13285782556750295,68.60075098139613,18.695320873869264,1013.2539810547875
Mexico,autumn,13.770245334322086,0.04777777777777776,77.18542207390928,5.7026251390433815,1024.605054999382
Mexico,spring,16.825332068311198,0.00073529411764705,52.462871600253,5.934310562934851,1023.901944971537
Mexico,summer,15.54934843830005,0.10434472606246799,79.92348950332821,5.8251817716333845,1024.4690860215053
Mexico,winter,12.430535927632702,0.0022222222222222166,62.94776412357057,5.418624338624338,1026.483013312852
Mexique,summer,27.4,0.0,72.0,15.1,1013.0
Micronesia,autumn,28.04559139784946,0.4076523297491039,84.10358422939068,15.81100358422939,1009.7786738351255
Micronesia,spring,28.04568548387097,0.3888548387096774,83.71303763440861,25.079727822580647,1010.15436827957
Micronesia,summer,27.644194166357682,0.43100593251761216,85.3554010629094,13.548442714126807,1010.6894327030033
Micronesia,winter,28.375211213517662,0.2107607100187745,81.51871479774705,30.10775601638505,1009.0248591909882
Monaco,autumn,17.73910394265233,0.2092222222222222,62.12670250896057,8.519946236559141,1015.9148745519714
Monaco,spring,18.00131404174573,0.0710736875395319,67.1788108791904,12.263716002530044,1013.7808981657179
Monaco,summer,26.480151314511716,0.0403231588890654,65.41938176457086,11.921135962356763,1013.8799261083744
Monaco,winter,10.342169312169313,0.07171509643283834,62.514580133128526,9.161666239972691,1014.2766641065027
Mongolia,autumn,2.889121863799284,0.014709677419354817,53.87992831541218,8.077831541218638,1019.4935483870968
Mongolia,spring,10.625243516761543,0.011723276407337075,33.085056925996206,8.797384566729917,1012.2292536369387
Mongolia,summer,20.64339605734767,0.11961264720942134,48.976062467997956,8.562606246799795,1009.4018305171531
Mongolia,winter,-16.167567417648062,0.003992319508448517,66.71454599761051,6.210850827786312,1021.3642089093702
Montenegro,autumn,18.21974910394265,0.21107347670250895,63.41559139784946,6.467616487455197,1017.3413978494624
Montenegro,spring,18.932858950031626,0.2052901644528779,59.319022770398476,7.310490196078431,1014.8617014547754
Montenegro,summer,31.573533555802744,0.046293906810035784,36.259047089358546,8.9331059201582,1012.4927944629835
Montenegro,winter,7.83847584912101,0.3818073050008533,78.07964669738864,6.377587472264892,1016.7948711384196
Morocco,autumn,19.58985663082437,0.02030107526881715,83.0310035842294,10.207670250896058,1016.7940860215053
Morocco,spring,19.195745967741935,0.09573387096774193,75.03484543010754,15.553837365591399,1014.1877688172043
Morocco,summer,24.565994623655914,0.00027419354838705,72.14444444444445,13.109242191500256,1014.4502432155658
Morocco,winter,14.023069636456734,0.13101083802696703,81.69719662058372,15.82589861751152,1020.2465309779826
Mozambique,autumn,25.12768817204301,0.044956989247311806,63.565232974910394,14.449086021505375,1018.4430107526882
Mozambique,spring,26.440759013282733,0.025097881087918977,61.87061986084757,11.981459519291587,1018.7013915243517
Mozambique,summer,24.06778457545421,0.013686874304783048,53.434223210975155,15.180849709553826,1020.9198862934126
Mozambique,winter,28.0956626557433,0.1239428230073391,69.2987071172555,13.685965608465608,1012.9013014166239
Myanmar,autumn,30.05374551971326,0.5086415770609319,76.2421146953405,9.678136200716848,1007.1892473118279
Myanmar,spring,32.65855313092979,0.3010814358001265,65.72340290955091,17.0727229601518,1006.1019133459836
Myanmar,summer,28.428442714126806,0.9281444815226795,85.60540106290942,11.547097392164133,1005.5696885428255
Myanmar,winter,31.622115975422428,0.0011827956989247167,56.893416111964505,8.227467571257895,1010.8146953405018
Namibia,autumn,24.91971326164875,0.0036630824372759496,25.482974910394265,18.008010752688172,1021.6306451612903
Namibia,spring,22.133668564199873,0.07378225806451613,46.571600253004426,16.644384882985452,1024.8501581277674
Namibia,summer,19.367868001483128,0.00021505376344085,23.541138301816833,18.589147818563838,1022.9257817327895
Namibia,winter,25.45464200375491,0.03260995903737835,45.999931728963986,14.32185014507595,1016.9408004778971
Nepal,autumn,23.543942652329747,0.4506541218637992,61.68297491039427,5.802813620071685,1014.9508960573476
Nepal,spring,25.381718848829856,0.40486891208096143,49.37904807084124,9.937066729917774,1012.8815148640101
Nepal,summer,25.74167306707629,0.9889039938556068,75.79276753712237,6.951866359447005,1008.3704301075269
Nepal,winter,17.54040379963628,0.008470191747444218,46.13207429183513,6.237323142704121,1018.1297907433892
Netherlands,autumn,12.412831541218637,0.14447670250896055,83.63548387096775,17.13358422939068,1014.4507168458781
Netherlands,spring,13.956000948766603,0.11777846299810242,68.51881720430107,15.300632511068944,1015.944797596458
Netherlands,summer,20.26991167434716,0.07937071172555038,65.87323348694316,17.352987711213515,1014.640770609319
Netherlands,winter,4.54744538317119,0.11190113500597366,86.72814473459636,16.0299846390169,1012.7061571940604
New Zealand,autumn,13.55863799283154,0.14920967741935484,76.88028673835124,28.59632616487455,1011.7344086021507
New Zealand,spring,14.039032258064516,0.13022479838709675,80.0953629032258,22.819210349462363,1016.501310483871
New Zealand,summer,10.595132863675689,0.23691892225930042,80.33626869361018,22.011537510814488,1016.9945124212087
New Zealand,winter,17.11531916709336,0.1272301587301587,77.93825738180577,24.897020395972007,1010.8122717187233
Nicaragua,autumn,23.448189964157706,0.3087916821159313,91.56890989988877,6.344141638857991,1010.3074403658387
Nicaragua,spring,26.081386780518656,0.078078431372549,76.71820050600886,13.74828431372549,1010.9936116382037
Nicaragua,summer,24.570153609831028,0.10599526369687658,88.20867895545314,8.919562211981566,1011.3231310803891
Nicaragua,winter,23.05636297826509,0.0015706605222734168,82.03088661122588,13.394878289222005,1012.3231618317826
Niger,autumn,28.01743727598566,0.036232974910394254,51.80448028673835,15.227419354838709,1013.4706093189965
Niger,spring,35.45751581277673,0.0,28.348576850094876,17.83053130929791,1010.064247311828
Niger,summer,30.712323348694316,0.05344713261648743,60.288223246287764,19.885725806451614,1012.2633640552996
Niger,winter,25.201620583717357,0.0,18.811435398532172,19.579435910564943,1013.6589904420549
Nigeria,autumn,26.4018458781362,0.10133512544802864,76.27813620071684,5.878673835125448,1014.7301075268819
Nigeria,spring,30.485828589500315,0.029325268817204278,65.50189753320683,8.534421252371917,1012.7982764073371
Nigeria,summer,26.32825794092201,0.3057615251514028,81.87193795575331,9.188912989741688,1015.0588802373007
Nigeria,winter,27.965485151049666,0.0,43.618019286567666,5.904223416965352,1012.9131507083121
North Korea,autumn,16.12989247311828,0.06341039426523291,62.952688172043004,10.620340501792116,1018.0014336917562
North Korea,spring,14.762870018975333,0.07088551549652113,52.589437065148644,14.926631878557878,1012.0255060088551
North Korea,summer,25.374493087557607,0.20964797747055808,73.79786226318485,9.99610343061956,1006.2442908346134
North Korea,winter,-1.824940689537464,0.017314217443249683,53.85023468168629,13.1088082437276,1023.7096902201739
Norway,autumn,8.047831541218638,0.14233333333333328,82.03440860215053,9.546075268817203,1009.731899641577
Norway,spring,11.055679949399115,0.06736116382036683,63.346378874130295,11.435539215686275,1015.1207938013916
Norway,summer,16.054596774193552,0.09974833589349717,70.32904505888376,19.578760880696365,1008.4233230926778
Norway,winter,-0.5976930569533462,0.07702403758438237,81.29114801278315,7.400808511514852,1011.7112753147235
Oman,autumn,32.04037634408602,0.0023225806451612836,55.390143369175625,13.15073476702509,1009.860394265233
Oman,spring,34.76209044908286,0.0,36.58561037318153,17.496619228336495,1006.8872549019608
Oman,summer,35.33630824372759,0.0,58.64309108886417,15.50723643554567,997.8844086021505
Oman,winter,25.209314302782047,0.0015412186379927999,51.66363287250385,13.591789981225466,1017.0213261648746
Pakistan,autumn,28.53501792114695,0.029718637992831518,32.81541218637992,8.366594982078853,1010.1094982078853
Pakistan,spring,32.4996394686907,0.01919623655913975,19.93442441492726,13.060392156862745,1005.2833017077799
Pakistan,summer,34.11969790066564,0.22681221198156684,44.95599078341014,9.84536354326677,999.2927291346646
Pakistan,winter,19.29609916367981,0.059804275473630264,24.69329237071172,8.690045229561358,1016.5555598224952
Palau,autumn,28.576218637992834,0.32299999999999995,80.98189964157706,15.832956989247313,1007.9403225806451
Palau,spring,28.004892473118282,0.348235926628716,84.09648956356736,16.956532258064513,1009.0952245414295
Palau,summer,27.74455011741441,0.6184688542825362,82.94558151032011,12.132613397602276,1009.4922506488691
Palau,winter,28.336626557433007,0.39879565625533364,81.75238095238096,21.518910650281615,1007.9891065028163
Panama,autumn,25.285752070201458,0.20861704362872324,92.35578420467186,7.565825608701026,1009.4973612656037
Panama,spring,26.194278937381405,0.3214873497786211,87.64032258064516,7.762433586337761,1009.9824794433903
Panama,summer,25.96328018786306,0.25784606352737605,91.02889012483006,6.432364973427265,1010.6034359164504
Panama,winter,24.729478153268474,0.05145779996586445,89.15003413551801,9.32198028673835,1010.4865975422427
Papua New Guinea,autumn,26.647186379928314,0.45317921146953405,83.1568100358423,16.982652329749104,1008.4060931899643
Papua New Guinea,spring,26.828192204301075,0.8736327284946236,87.30866935483871,10.551344086021507,1008.2691196236559
Papua New Guinea,summer,26.018563748079874,0.1463145161290322,84.00638760880696,19.051084229390682,1010.2539170506913
Papua New Guinea,winter,27.659335637480797,0.6438675115207374,80.0529569892473,10.049985492404847,1006.8634280593957
Paraguay,autumn,22.701666666666664,0.16515232974910393,60.28745519713262,9.147258064516128,1009.65
Paraguay,spring,19.48378557874763,0.067685009487666,73.49138203668565,10.047101518026565,1014.0403858317521
Paraguay,summer,17.18815041404029,0.011836175998022466,58.80926337906316,10.957709801013472,1016.6425658138672
Paraguay,winter,24.048298344427376,0.12642729134664615,71.17188086704216,7.696382915173238,1008.1235919098822
Peru,autumn,16.334425905326906,0.0032151773575577335,85.51602397725868,9.036635150166852,1013.169867754295
Peru,spring,18.74825585072739,0.002230708412397175,83.31696710942441,8.501801075268817,1012.7653542061986
Peru,summer,15.60997567844342,0.0069975678443419675,83.45555555555556,8.229408602150537,1014.7332565284179
Peru,winter,20.41886883427206,0.0027405700631506504,83.11178955453148,8.747732121522445,1012.1387736815155
Philippines,autumn,29.86017921146954,0.4788279569892473,76.87867383512544,12.301326164874553,1007.1284946236559
Philippines,spring,32.334986559139786,0.11557762096774193,62.185483870967744,15.540204973118279,1008.5607862903225
Philippines,summer,29.202515758249906,0.7166799530342356,81.58062662217279,12.74987393400074,1007.7839636633297
Philippines,winter,29.04273340160437,0.12705628093531313,68.78278289810548,13.934407748762588,1010.5211554872845
Poland,autumn,11.428369175627239,0.07546057347670244,75.91541218637992,13.90469534050179,1017.3324372759856
Poland,spring,15.061897533206832,0.08483934218848825,52.22637571157495,14.877968058191017,1015.4007590132828
Poland,summer,23.090280558645407,0.07075608701025826,55.791632678284515,14.676122234581634,1014.011432455815
Poland,winter,-0.43579279740570076,0.030241252773510797,85.74200375490699,12.690714285714286,1016.730017921147
Polônia,summer,27.7,0.0,52.0,29.5,1010.0
Portugal,autumn,17.561541218637995,0.07535304659498203,80.14695340501792,13.922347670250895,1017.702329749104
Portugal,spring,17.272341872232765,0.20183254269449713,71.8385989879823,16.013478810879192,1014.2734503478811
Portugal,summer,23.638185981680607,0.00517522899243325,62.43301473516527,14.696684587813621,1016.2341099163679
Portugal,winter,11.515096006144395,0.2079375746714456,88.37877624167947,16.195888376856118,1019.052858849633
Qatar,autumn,33.724229390681,5.5555555555549995e-05,44.74121863799283,16.111505376344088,1010.1562724014337
Qatar,spring,34.61470746363061,0.000322580645161275,26.181419987349777,21.137798861480075,1007.9106578115117
Qatar,summer,40.33659251019652,0.0,33.29590903472995,20.2709831912001,997.606383636139
Qatar,winter,22.50308798429766,0.0015051203277009501,53.026664106502814,17.624842549923198,1018.2669226830517
Romania,autumn,14.963530465949821,0.05389247311827953,66.52939068100359,11.888942652329748,1019.0044802867384
Romania,spring,17.05845825426945,0.0615445920303605,54.08700189753321,13.091171726755217,1016.1322738772928
Romania,summer,30.340734767025086,0.014327700972862234,37.83847926267281,11.644842549923196,1013.6140681003584
Romania,winter,2.4865279911247655,0.06765681003584224,81.15552995391705,11.572137736815156,1019.4207714627069
Russia,autumn,9.725089605734768,0.07909139784946236,75.3005376344086,14.295913978494625,1018.1408602150537
Russia,spring,13.447534788108792,0.0543641682479443,51.27811511701455,15.553565781151171,1014.6148007590132
Russia,summer,22.095313447087644,0.13612012012012006,58.068240821466624,15.003650447682707,1011.0289568370214
Russia,winter,-6.270504269358259,0.05170349104771852,84.25287862957641,11.419940359583821,1018.7527876763869
Rwanda,autumn,24.149587813620073,0.18643548387096773,58.71648745519713,6.749695340501792,1020.6448028673835
Rwanda,spring,24.20510120177103,0.4218722327640734,62.54413345983555,6.265011068943706,1021.1806451612904
Rwanda,summer,25.242465437788017,0.0644818228366615,44.92159498207885,8.417512800819253,1020.0489119303635
Rwanda,winter,22.91906468680662,0.14092204301075265,67.30029015190304,5.365774022870798,1019.8619602321215
Saint Kitts and Nevis,autumn,27.565679149672476,0.2197368681250772,79.20000617970585,22.07584909158324,1012.4473365467803
Saint Kitts and Nevis,spring,26.421015180265655,0.14247643896268183,79.61418406072106,23.677697659709043,1014.8817994939911
Saint Kitts and Nevis,summer,28.22408540353479,0.0866110493140526,78.21166728463724,26.703714003213445,1015.9896366332963
Saint Kitts and Nevis,winter,24.821240826079535,0.11507275132275128,81.5255205666496,27.828702423621777,1015.2065326847584
Saint Lucia,autumn,27.32261957730812,0.17867729576072175,82.80512915585219,16.234053269064393,1011.5491780991224
Saint Lucia,spring,27.169003795066416,0.09620018975332065,79.97060404807084,23.625150221378874,1013.8508380771664
Saint Lucia,summer,28.223176986775428,0.15349777530589542,79.08615745890496,20.616874922753677,1014.7248547769126
Saint Lucia,winter,25.94204087728281,0.15342673664447853,80.12612220515446,21.888198071343236,1013.6416495989077
Saint Vincent and the Grenadines,autumn,28.137719688542827,0.14366926214312195,76.55307749351131,22.992107279693485,1011.278049684835
Saint Vincent and the Grenadines,spring,26.847727703984823,0.1095283048703352,76.7609898798229,24.808804554079696,1013.9001581277672
Saint Vincent and the Grenadines,summer,28.075619559651816,0.2041301843317972,77.87318228366615,27.124043778801845,1014.439605734767
Saint Vincent and the Grenadines,winter,26.3917174432497,0.10327918586789551,76.98471155487285,28.18313918757467,1013.4929126130738
Saint-Vincent-et-les-Grenadines,summer,27.8,0.13,82.0,27.0,1017.0
Samoa,autumn,25.584750339883822,0.2729008775182301,88.19506241502904,23.660868248671363,1011.9631813125694
Samoa,spring,26.011189516129033,0.45084711021505375,89.3575940860215,17.54181451612903,1011.0958669354839
Samoa,summer,25.19161162314388,0.15315053763440853,86.01548899129544,21.364924475166408,1012.7555043522785
Samoa,winter,26.793340234004862,0.46054789124894796,85.84708465019922,19.970516696976656,1009.492262714009
San Marino,autumn,16.60078853046595,0.1525931899641577,74.09014336917564,11.610304659498206,1016.8071684587813
San Marino,spring,17.016265022137887,0.20619086021505373,66.89569892473118,10.83689753320683,1014.1952719797597
San Marino,summer,27.26984111289636,0.028649267361540217,58.65679149672476,13.871332413243797,1013.6610822724838
San Marino,winter,7.916942310974569,0.1653954599761051,78.25334954770439,12.280097286226317,1015.6537975763782
Saudi Arabia,autumn,31.692723396366333,0.0,15.265461624026699,12.464107650475839,1015.3939809665061
Saudi Arabia,spring,34.22116223908918,0.00169354838709675,12.430692599620492,16.215857052498418,1013.1979285262494
Saudi Arabia,summer,42.21136456733231,0.0,6.696863799283154,17.521365847414234,1004.296505376344
Saudi Arabia,winter,18.187890851681175,0.0048391363713944,32.999402628434886,15.215658815497525,1020.6426736644479
Saudi Arabien,summer,45.0,0.0,7.0,24.5,997.0
Senegal,autumn,27.28496415770609,0.04367025089605731,81.80627240143369,18.004713261648746,1012.1731182795698
Senegal,spring,22.823055028462996,0.00104838709677415,79.56129032258065,23.689962049335865,1012.4126185958255
Senegal,summer,27.35051476949697,0.08440854035347913,77.87521937955754,16.68118897540477,1012.9155852181435
Senegal,winter,21.205454429083463,0.0026290322580645002,66.50596944871138,26.033603857313537,1013.6740484724356
Serbia,autumn,14.609301075268817,0.08584946236559136,66.9010752688172,11.948064516129032,1018.6894265232974
Serbia,spring,17.34878557874763,0.0907435167615433,58.542330803289055,15.807160025300442,1015.3817362428842
Serbia,summer,28.793704557091655,0.12135714285714283,43.223579109062975,11.989061699948797,1014.297311827957
Serbia,winter,3.489142771804062,0.07600217613927286,80.16546765659669,11.525128434886499,1018.4934289127838
Seychelles Islands,autumn,28.438906810035842,0.06819175627240139,74.00376344086023,17.089408602150538,1011.6098566308243
Seychelles Islands,spring,30.11609740670462,0.15862966476913345,73.40977229601518,13.789514547754585,1009.6261227071473
Seychelles Islands,summer,27.982220986281053,0.07404189840563584,76.08186874304783,23.22042454579162,1011.2849338771475
Seychelles Islands,winter,29.017952295613586,0.20659408602150534,75.37646782727428,18.634933009045913,1010.9310334528077
Sierra Leone,autumn,25.592849462365592,0.5179982078853046,85.2994623655914,7.216594982078853,1012.9161290322581
Sierra Leone,spring,27.128263757115754,0.08161005692599617,77.28243200506009,9.224391208096142,1011.6207621758381
Sierra Leone,summer,25.86433788865936,1.2214720412451223,84.94993158182812,12.005684270000176,1014.194403834949
Sierra Leone,winter,26.066678614097967,0.02761529271206688,76.01547619047618,7.349228110599078,1011.6383597883599
Singapore,autumn,29.85838709677419,0.34240143369175624,69.03781362007169,13.48621863799283,1007.9120071684588
Singapore,spring,29.65697027197976,0.4983777672359266,73.53746046805819,11.378322264389627,1007.7301075268817
Singapore,summer,29.8517012730194,0.12719515511061666,69.23836979359783,12.915392411321221,1008.7109504387591
Singapore,winter,29.471001877453492,0.5915703191670934,67.87775217613927,16.552997951868917,1009.2697047277692
Slovakia,autumn,12.172437275985663,0.09528673835125444,74.13602150537635,14.60215053763441,1018.2935483870968
Slovakia,spring,15.520113851992408,0.06977450980392153,59.930439595192915,16.148796647691334,1015.3078115117014
Slovakia,summer,25.4996095750128,0.09446684587813615,50.76676907322068,14.257903225806452,1014.9998847926267
Slovakia,winter,2.373388803550094,0.030153567161631648,81.240855948114,13.438929424816521,1017.9067759003243
Slovenia,autumn,12.228691756272402,0.32574731182795696,80.01021505376345,5.285555555555555,1018.5320788530465
Slovenia,spring,14.812588551549652,0.38562001897533205,64.87541113219481,8.470977229601518,1015.3912239089185
Slovenia,summer,25.28137683846249,0.14287010258311703,57.22271659868991,8.006599307872944,1015.6950562353232
Slovenia,winter,2.190717699266086,0.08972755589691071,87.77561870626387,4.840557262331456,1017.2265488991294
Solomon Islands,autumn,27.44367383512545,0.23970430107526877,83.73440860215054,9.895806451612904,1009.4087813620072
Solomon Islands,spring,26.783350134408604,0.5924502688172043,88.76814516129032,9.07502688172043,1009.4780913978495
Solomon Islands,summer,26.22405017921147,0.16078315412186375,87.35609318996416,11.201917562724015,1010.7224014336917
Solomon Islands,winter,27.752920293565456,0.7538507851169142,85.0528801843318,7.030256869772998,1007.3845451442224
Somalia,autumn,28.73469534050179,0.023956989247311766,74.86648745519713,23.83125448028674,1013.2991039426523
Somalia,spring,30.248817204301073,0.05626438962681842,76.55458570524985,24.092180581910185,1011.0191650853891
Somalia,summer,27.997232462877623,0.03130478750640037,76.17924987199181,31.414974398361494,1013.5219534050179
Somalia,winter,28.520057603686638,0.0007060931899641334,72.66382061785288,30.92737711213518,1012.3510069977812
South Africa,autumn,22.219301075268817,0.021093189964157665,45.97849462365591,13.945591397849462,1023.2530465949822
South Africa,spring,21.12391998734978,0.04977688172043008,50.00341555977229,10.147243833017077,1025.7301233396583
South Africa,summer,18.054047707329133,0.010743727598566268,33.18958719564949,11.687532443455693,1025.9246508466197
South Africa,winter,23.577840501792114,0.1288652927120669,61.15841867212834,11.806534818228366,1019.3453533026113
South Korea,autumn,19.22983870967742,0.10419534050179208,64.35896057347671,9.621827956989248,1017.4600358422939
South Korea,spring,15.644131878557875,0.08254332700822258,60.92403542061986,12.538581593927894,1012.3940702087286
South Korea,summer,27.294485407066052,0.18387532002048126,74.5110343061956,10.339500768049154,1006.8892089093702
South Korea,winter,1.4370093019286567,0.023823903396484002,53.465292712066905,11.497538402457758,1023.3231694828469
Spain,autumn,14.942974910394264,0.018261648745519683,67.10107526881721,11.121236559139783,1019.3367383512546
Spain,spring,15.710490196078432,0.09036827956989245,58.95034788108792,12.647771979759646,1014.7667773561037
Spain,summer,28.120871735791088,0.004313620071684566,35.6910394265233,10.096308243727599,1017.0661674347158
Spain,winter,6.642111708482676,0.10492746202423618,81.92622887864825,11.962208141321042,1018.3593275302952
Sri Lanka,autumn,30.04195340501792,0.5869301075268817,74.81290322580645,18.142741935483873,1008.7905017921147
Sri Lanka,spring,30.3547137887413,0.6823115117014548,76.96646110056926,16.94450980392157,1007.5611163820366
Sri Lanka,summer,29.426433691756273,0.4237299027137737,79.04280593958013,18.736578341013825,1008.2740527393753
Sri Lanka,winter,30.25663167776071,0.20004326676907316,65.20454002389486,16.864936849291688,1010.1012886158047
Sudan,autumn,29.85291218637993,0.0065958781362006995,32.92410394265233,19.256120071684588,1011.9374551971326
Sudan,spring,34.719407020872865,0.0,11.39018026565465,21.408996679316886,1009.4552182163188
Sudan,summer,32.69456377754117,0.0563167326919449,39.70457844538446,19.182664040043612,1009.6991710070694
Sudan,winter,25.341756912442396,0.0,19.61877240143369,25.20807347670251,1014.0300392558456
Suriname,autumn,24.477652329749105,0.06058064516129028,93.89749103942653,10.319569892473117,1010.5897849462366
Suriname,spring,24.98322896900696,0.3550430107526881,92.51756799493991,9.076831119544591,1011.9703036053131
Suriname,summer,25.42356939809665,0.19176096897787664,88.2023235693981,8.526465208256086,1013.5770176739588
Suriname,winter,23.28732932240997,0.1591513483529612,95.9392259771292,9.309383427206008,1011.2316137566137
Swaziland,autumn,22.064032258064515,0.07050358422939064,62.40555555555556,9.2647311827957,1020.3802867383514
Swaziland,spring,21.67209203036053,0.041161290322580604,57.89876660341556,7.949481340923466,1021.0111480075901
Swaziland,summer,20.168120839733742,0.0050107526881720005,39.22325908858167,10.461807475678443,1022.0257296466974
Swaziland,winter,24.19668202764977,0.10062852022529438,71.35244068953746,7.568982334869432,1016.050256016385
Sweden,autumn,9.817150537634408,0.06727419354838704,83.44605734767026,14.257706093189965,1012.7351254480286
Sweden,spring,12.252523719165085,0.027241935483870924,55.32583807716635,15.912036685641997,1015.1212839974698
Sweden,summer,19.855248335893496,0.07092345110087044,58.36904761904762,15.004102662570403,1010.0654889912954
Sweden,winter,-0.6142191500256016,0.06683819764464921,86.92069465779143,13.366313790749274,1014.5661503669568
Switzerland,autumn,9.19368825289029,0.20259416237726927,85.30914158155245,6.809978418267892,1018.274157391687
Switzerland,spring,12.76865275142315,0.17417235926628713,69.6645477545857,7.852703984819735,1015.3273086654016
Switzerland,summer,22.266614183307734,0.1905876002730841,62.61559993172896,7.984059566478922,1017.0892259771293
Switzerland,winter,1.442354497354497,0.1362843915343915,86.67679638163509,6.192525174944531,1015.4113628605563
Syria,autumn,22.58336917562724,0.02494444444444442,40.83566308243727,10.60810035842294,1017.1351254480287
Syria,spring,24.212435167615435,0.012495256166982875,27.92297596457938,19.05582542694497,1014.4083649588868
Syria,summer,34.114432305736536,0.00016666666666666666,22.497196179176157,17.87878180341473,1007.8172819888059
Syria,winter,9.945429680832907,0.04815309779825904,61.11205837173579,10.862638675541902,1018.599778119133
Südkorea,summer,26.1,0.22,84.0,4.0,1007.0
Tajikistan,autumn,23.50589605734767,0.016999999999999967,30.44086021505376,6.45521505376344,1018.4487455197132
Tajikistan,spring,23.93847881087919,0.062310088551549625,41.01070524984187,7.096956040480708,1016.2538741302973
Tajikistan,summer,34.45764592933948,0.016252944188428032,20.910675883256527,11.262886584741423,1006.8114183307731
Tajikistan,winter,9.002875917392046,0.11110513739545995,57.19610428400751,4.7992140296979,1022.2807048984469
Tanzania,autumn,26.754623655913978,0.006965949820788517,43.01075268817204,14.854605734767027,1017.0367383512545
Tanzania,spring,26.01744781783681,0.09872043010752685,55.16013598987982,11.525472802024035,1017.372422517394
Tanzania,summer,25.28100852799407,5.5555555555549995e-05,41.582554690396734,13.432263626251391,1018.6166234087258
Tanzania,winter,25.051484041645335,0.1750553848779655,63.83603857313535,8.155998463901689,1016.148186550606
Thailand,autumn,30.41546594982079,0.3086424731182795,65.33763440860214,7.820492831541219,1007.8034946236559
Thailand,spring,32.336168132942326,0.1082954545454545,60.288123167155426,11.636735092864125,1006.4071480938417
Thailand,summer,30.26618248671363,0.4605158818440242,71.89818316648127,10.300136880484489,1005.143780126066
Thailand,winter,30.271840544461515,0.00315380184331795,45.12049624509302,8.167743215565796,1011.576849718382
Timor-Leste,autumn,27.277616487455195,0.3501182795698925,70.30412186379928,11.045537634408603,1009.1383512544803
Timor-Leste,spring,26.31819259962049,0.42120999367488926,79.29788108791904,7.374645793801392,1009.3463156230234
Timor-Leste,summer,24.992968465843884,0.04431693945653897,73.20116664018221,9.144480375019862,1011.874189575719
Timor-Leste,winter,26.801016385048644,0.6719336490868749,80.65248335893497,10.382378392217102,1007.4857612220517
Togo,summer,27.9,0.16,74.0,19.1,1011.0
Tonga,autumn,22.70020516623409,0.20847274749721909,87.396669138549,25.824547645532075,1016.4347237671486
Tonga,spring,24.660184811827957,0.23628561827956984,91.2335685483871,21.474217069892475,1014.3510416666667
Tonga,summer,21.739629835619827,0.06850135953528605,84.55920776171054,21.620355951056727,1017.2361018415523
Tonga,winter,26.454306195596516,0.2721245519713261,88.23889315582863,20.574421829663766,1010.9100358422938
Trinidad and Tobago,autumn,25.6437881596836,0.3174028550241008,92.41672846372512,9.605987516994192,1010.6637189469781
Trinidad and Tobago,spring,26.129841872232767,0.21144781783681213,84.94531941808981,14.488565781151172,1012.6682795698925
Trinidad and Tobago,summer,26.45726486219256,0.2945333086145099,87.96431837844518,10.786572117167223,1013.6236250154493
Trinidad and Tobago,winter,24.041815582863972,0.08149624509301923,87.19755931046252,11.305315326847586,1012.2711042840075
Tunisia,autumn,22.853924731182797,0.03548566308243723,66.89964157706093,12.3881541218638,1017.4491039426524
Tunisia,spring,21.987933270082227,0.02043437697659705,57.746790006325114,15.996873814041745,1014.5811353573688
Tunisia,summer,31.328274052297967,0.0021076504758373,45.54378674717941,15.531236691562052,1014.4406606988364
Tunisia,winter,13.681620157023382,0.03639025430960912,79.26461853558628,15.74515360983103,1016.9396356033452
Turkey,autumn,17.092473118279568,0.042623655913978466,61.80510752688172,12.527867383512545,1018.2908602150537
Turkey,spring,17.906534629981024,0.06773331752055656,51.446963946869076,15.119385673624288,1015.0486480075901
Turkey,summer,29.860184821991947,0.03287445927573845,34.91369601701695,18.359106186861297,1011.6827047921993
Turkey,winter,5.9305438214712405,0.09821863799283152,78.86552952722307,11.091175328554362,1018.1332053251408
Turkmenistan,autumn,22.56458781362007,0.018646953405017916,37.01845878136201,12.276774193548386,1017.8012544802867
Turkmenistan,spring,25.157175838077166,0.02831499051233395,36.45660974067046,14.613493042378241,1014.9698608475649
Turkmenistan,summer,35.7630171530978,0.0186065028161802,20.556707629288272,14.970491551459295,1007.7874807987711
Turkmenistan,winter,8.528143027820448,0.01571351766513055,67.94434630483018,9.907633981908175,1020.293544120157
Turkménistan,summer,37.8,0.0,11.0,22.0,998.0
Tuvalu,autumn,28.692598566308245,0.2983763440860215,82.43136200716846,18.40494623655914,1009.6005376344086
Tuvalu,spring,28.832496639784946,0.4393595430107527,83.22802419354839,14.681381048387097,1009.4599462365591
Tuvalu,summer,28.554670621678408,0.38410795946112963,82.4494500061797,19.831373130638983,1010.1090161908295
Tuvalu,winter,28.907041303976786,0.35285475337088235,78.7457671957672,19.71432753029527,1008.1878648233486
USA United States of America,summer,24.53333333333333,0.53,66.0,12.933333333333332,1013.3333333333334
Uganda,autumn,25.516111111111112,0.1467831541218638,63.51756272401434,7.447831541218638,1015.9274193548387
Uganda,spring,25.303217900063252,0.2568950031625553,69.71756799493991,11.263213156230234,1016.764184060721
Uganda,summer,25.373512544802868,0.08149283154121861,61.574500768049155,12.43581797235023,1016.4685099846389
Uganda,winter,25.874050605905442,0.08756528417818736,62.79459378733572,8.344027991124765,1015.231302270012
Ukraine,autumn,13.26679211469534,0.036207885304659466,57.00878136200717,14.758924731182795,1019.1912186379928
Ukraine,spring,14.313388678051867,0.08297580645161284,52.95755850727387,14.59470430107527,1016.2596774193548
Ukraine,summer,25.619496971944134,0.06879742924236802,43.67131380546286,14.272292670868866,1013.1386293412434
Ukraine,winter,-2.524170506912443,0.04888073903396478,80.34838282983443,13.029012203447687,1020.0823476702509
United Arab Emirates,autumn,33.47543010752688,0.0,46.2421146953405,12.418387096774191,1009.7250896057349
United Arab Emirates,spring,35.02893421884883,0.0,29.719576217583807,16.729655281467426,1007.543137254902
United Arab Emirates,summer,38.94586145099493,0.0,41.189667531825485,17.41136633296255,997.247633172661
United Arab Emirates,winter,23.814437617340843,0.0009286994367639167,50.88858166922683,16.0320908004779,1017.7370669056153
United Kingdom,autumn,11.892096774193547,0.13641397849462358,85.35931899641577,14.210698924731181,1014.2163082437277
United Kingdom,spring,13.101157495256167,0.0493315939278937,69.39641049968374,13.905966160657812,1016.2313883617962
United Kingdom,summer,19.8693086233381,0.07234680950615317,63.18980922365239,14.901828310115297,1015.0102649328178
United Kingdom,winter,5.815264976958525,0.08610978835978832,89.18918757467145,13.917657450076804,1011.4214925755249
United States of America,autumn,9.238048448893833,0.0659426523297491,92.31377456433074,7.219239278210357,1015.9806019033495
United States of America,spring,8.499694813409235,0.0301559139784946,81.31062618595826,10.288980075901328,1016.5378874130297
United States of America,summer,12.055915969733173,0.023246714456391853,88.23227797690163,9.555499800876145,1017.507626443648
United States of America,winter,4.910930074291489,0.058036737052996897,91.88094126786791,7.138719661019766,1018.594475732451
Uruguay,autumn,13.866433691756272,0.04883870967741933,88.18279569892474,15.674372759856631,1015.7951612903225
Uruguay,spring,14.417068311195445,0.18737254901960781,87.12215370018976,15.144788108791904,1018.1248734977862
Uruguay,summer,9.360229885057471,0.079638240019775,86.46905203312322,15.219777530589544,1020.2029477196885
Uruguay,winter,19.760296125618705,0.03762429595494108,84.49592933947773,16.556431558286395,1012.0084400068272
Uzbekistan,autumn,21.656863799283155,0.03907885304659497,31.193189964157707,8.84062724014337,1018.7179211469534
Uzbekistan,spring,24.501929158760277,0.0281004111321948,33.5388045540797,10.989848197343454,1015.7333017077799
Uzbekistan,summer,35.23519157088123,0.0008448275862068667,17.903936472623904,13.366753800519097,1006.2149178099122
Uzbekistan,winter,7.791120925072538,0.0963360641747738,57.40035415599931,6.493635859361665,1022.6914789213175
Vanuatu,autumn,24.587078853046595,0.11386379928315409,84.81003584229391,18.082060931899644,1013.1996415770609
Vanuatu,spring,24.8609811827957,0.35883299731182794,91.2478494623656,14.516891801075268,1011.850504032258
Vanuatu,summer,22.78171054257817,0.10199950562353229,87.17824125571622,15.255816957112842,1014.7351254480287
Vanuatu,winter,27.388361068441714,0.35558704557091647,83.92833247994538,15.841523297491038,1007.7711085509472
Vatican City,autumn,18.1039605734767,0.11156451612903222,72.7231182795699,9.289086021505376,1016.5480286738351
Vatican City,spring,18.772095192915877,0.05156103731815302,64.75441176470588,11.508453510436432,1014.2617805186591
Vatican City,summer,30.408502657273516,0.027972067729576017,43.258830799653936,12.677232727722162,1013.5819243604004
Vatican City,winter,9.493407151391024,0.1530934033111452,81.1515019627923,9.760199266086362,1014.9001237412527
Venezuela,autumn,22.592034977135086,0.07186441725373868,86.02027561488073,5.114236806328019,1011.9098195525894
Venezuela,spring,25.516189120809614,0.15383728652751416,78.29560404807084,5.687832068311195,1012.8493991144845
Venezuela,summer,24.464341243356813,0.13630014831294024,82.16821159312816,6.283652824125571,1014.4063589173156
Venezuela,winter,21.819054019457244,0.012388888888888866,80.12757296466974,4.896047533708824,1013.688048301758
Vietnam,autumn,27.959148745519713,0.3568575268817204,67.22473118279571,9.613055555555555,1010.6287634408603
Vietnam,spring,28.70550838077166,0.2289640259329538,65.43442441492726,11.024318469323214,1007.6655439595194
Vietnam,summer,29.623391840607212,0.5480955618806662,79.79937275985664,8.232352414083913,1002.9571684587814
Vietnam,winter,21.869962993995255,0.02866075456801258,63.91252886898048,10.582257258870163,1015.9616113724984
Yemen,autumn,21.154247311827955,0.01461827956989245,24.02455197132616,12.068405017921146,1015.5750896057348
Yemen,spring,24.563494623655913,0.011263440860215026,20.096457938013913,15.181544908285895,1013.1294433902593
Yemen,summer,25.63382104454685,0.12840322580645158,26.624500768049156,15.907955709165387,1009.5411162314389
Yemen,winter,18.885299965864483,0.0003763440860214833,22.95034135518007,7.073529185867895,1016.8197815326848
Zambia,autumn,27.751505376344085,0.042790322580645114,32.740860215053765,15.12032258064516,1014.3897849462365
Zambia,spring,23.19267235926629,0.04458870967741935,52.41516445287793,13.782898481973435,1016.8307874762809
Zambia,summer,23.87979297985416,0.0005931899641577,27.7684711407737,13.796535656902732,1018.3955258929674
Zambia,winter,23.193939665471927,0.31732731694828464,71.75911418330773,10.349932582351938,1012.6528119132959
Zimbabwe,autumn,25.835304659498206,0.04353584229390678,31.802508960573476,13.198351254480286,1016.0014336917562
Zimbabwe,spring,22.828399746995572,0.06935752688172044,42.67917457305503,9.984814990512334,1017.7025616698293
Zimbabwe,summer,22.05154719235364,0.00016666666666666666,25.56178813221824,10.32978494623656,1019.754261250498
Zimbabwe,winter,23.103723331626558,0.2523337173579109,62.45974995733061,10.540596518177164,1013.172704386414
Гватемала,summer,15.9,0.0,95.0,6.5,1020.0
Польша,summer,24.2,0.0,56.0,13.7,1013.0
Турция,summer,34.0,0.0,44.0,24.1,1006.0
كولومبيا,summer,23.1,0.05,95.0,6.5,1017.0
火鸡,summer,29.7,0.0,24.0,18.4,1003.0
